{"current":{"color_background":"#ffffff","color_headings":"#000000","color_text":"#000000","color_text_light":"#949494","color_links":"#ec662c","color_button_background":"#ec662c","color_button_text":"#ffffff","color_button_secondary_background":"#ffffff","color_button_secondary_text":"#ec662c","color_button_secondary_border":"#d8d8d8","color_header_background":"#ffffff","color_header_text":"#000000","color_input_text":"#000000","color_input_background":"#ffffff","color_input_border":"#d8d8d8","color_footer_background":"#000000","color_footer_text":"#ffffff","color_overlay":"#000000","overlay_opacity":50,"type_size_base":16,"type_heading":"cabin_n7","type_heading_size":"1","type_heading_capitalize":false,"type_heading_spacing":0,"type_body":"lato_n4","type_menu":"lato_n7","type_menu_capitalize":false,"type_menu_spacing":0,"type_button":"lato_n7","type_button_capitalize":false,"type_button_spacing":0,"type_section":"futura_n7","type_section_capitalize":false,"type_section_spacing":0,"layout_max_width":1400,"product_show_vendor":false,"product_show_sku":true,"enable_image_zoom":true,"image_zoom_level":"min","product_enable_recently_viewed_products":true,"product_option_style":"select","product_sales_badge":true,"product_sales_badge_style":"money","product_ratings_reviews":false,"product_social_sharing":true,"product_slideshow_style":"natural","product_grid_show_second_image":true,"product_grid_emphasize_price":false,"product_grid_image_style":"medium","product_grid_quick_shop":true,"product_grid_quick_buy":true,"quickshop_show_dcb":true,"quickshop_product_cart_redirect":false,"social_default_image":"","social_facebook":"","social_twitter":"","social_pinterest":"","social_instagram":"","social_tumblr":"","social_vimeo":"","social_youtube":"","social_linkedin":"","social_email":"","favicon":"shopify:\/\/shop_images\/favicon-32x32.png","enable_currency_converter":false,"currency_display_format":"money_with_currency_format","currency_converter_currencies":"CAD USD","currency_converter_default":"CAD","enable_checkout_lock_icon":false,"continue_shopping_url":"shopify:\/\/collections\/all","continue_url_cart":true,"continue_url_404":true,"checkout_header_image":"","checkout_logo_image":"shopify:\/\/shop_images\/checkout_header_image_6.jpg","checkout_logo_position":"left","checkout_logo_size":"medium","checkout_body_background_image":"","checkout_body_background_color":"#fff","checkout_input_background_color_mode":"white","checkout_sidebar_background_image":"","checkout_sidebar_background_color":"#fafafa","checkout_heading_font":"-apple-system, BlinkMacSystemFont, 'Segoe UI', Roboto, Helvetica, Arial, sans-serif, 'Apple Color Emoji', 'Segoe UI Emoji', 'Segoe UI Symbol'","checkout_body_font":"-apple-system, BlinkMacSystemFont, 'Segoe UI', Roboto, Helvetica, Arial, sans-serif, 'Apple Color Emoji', 'Segoe UI Emoji', 'Segoe UI Symbol'","checkout_accent_color":"#f2682b","checkout_button_color":"#f2682b","checkout_error_color":"#f2682b","sections":{"static-announcement":{"type":"static-announcement","settings":{"show_announcement":true,"homepage_announcement":false,"announcement_text":"FREE SHIPPING TO CANADA & USA*","announcement_text_mobile":"","announcement_color":"#ffffff","announcement_background":"#f2682b"}},"static-header":{"type":"static-header","blocks":{"1563301260872":{"type":"meganav_images","settings":{"meganav_trigger":"Shop","image_1":"shopify:\/\/shop_images\/united-canada-and-usa.jpg","text_1":"","position_1":"last","size_1":"small","text_2":"Machinery","position_2":"last","size_2":"small"}}},"block_order":["1563301260872"],"settings":{"sticky_header":true,"full_width_header":false,"logo":"shopify:\/\/shop_images\/checkout_header_image_6.jpg","logo_height":100,"logo_width":200,"enable_live_search":true,"enable_live_search_images":true,"enable_live_search_articles_pages":true,"quick_links":"","menu":"meganav","small_promo_heading":"We'd Love to Chat","small_promo_text":"<p>1-877-761-2819<\/p><p>cs@tmgindustrial.com<\/p>","small_promo_text_mobile":"","small_promo_icon":"icon-cell-phone"}},"static-slideshow":{"type":"static-slideshow","blocks":{"bdd623c9-cc5b-4d3e-9ec7-a7b3a5f3b137":{"type":"slide","settings":{"background_image":"shopify:\/\/shop_images\/Greenhouse-Spring-Banner.jpg","title":"","text":"","color":"#ffffff","link":"https:\/\/tmgindustrial.com\/collections\/home-garden\/category_greenhouses","text_alignment":"center","button_one_label":"","button_one_style":"primary","button_two_label":"","button_two_style":"primary","show_overlay":false,"overlay_color":"#000000","overlay_opacity":50}},"1f5c9a40-0dde-4b69-81ac-aa012826493d":{"type":"slide","settings":{"background_image":"shopify:\/\/shop_images\/Snow-clearance-2.jpg","title":"","text":"","color":"#ffffff","link":"https:\/\/tmgindustrial.com\/collections\/snow-clearance","text_alignment":"center","button_one_label":"","button_one_style":"primary","button_two_label":"","button_two_style":"primary","show_overlay":false,"overlay_color":"#000000","overlay_opacity":50}},"1601408543650":{"type":"slide","settings":{"background_image":"shopify:\/\/shop_images\/snowland-weatherthestorm_5e83bec3-3b96-4d99-9929-893472da6229.jpg","title":"","text":"","color":"#ffffff","link":"https:\/\/tmgindustrial.com\/collections\/storage\/category_shelters","text_alignment":"center","button_one_label":"","button_one_style":"primary","button_two_label":"","button_two_style":"primary","show_overlay":false,"overlay_color":"#000000","overlay_opacity":50}},"1567479525579":{"type":"slide","settings":{"background_image":"shopify:\/\/shop_images\/shop-auto.jpg","title":"","text":"","color":"#ffffff","link":"https:\/\/tmgindustrial.com\/collections\/automotive","text_alignment":"center","button_one_label":"","button_one_style":"primary","button_two_label":"","button_two_style":"primary","show_overlay":false,"overlay_color":"#ffffff","overlay_opacity":1}},"1572905596401":{"type":"slide","settings":{"background_image":"shopify:\/\/shop_images\/Machinery-Banner-Road-Work.jpg","title":"","text":"","color":"#ffffff","link":"https:\/\/tmgindustrial.com\/collections\/machinery\/category_construction","text_alignment":"center","button_one_label":"","button_one_style":"primary","button_two_label":"","button_two_style":"primary","show_overlay":false,"overlay_color":"#000000","overlay_opacity":1}}},"block_order":["bdd623c9-cc5b-4d3e-9ec7-a7b3a5f3b137","1f5c9a40-0dde-4b69-81ac-aa012826493d","1601408543650","1567479525579","1572905596401"],"settings":{"show_slideshow":true,"enable_autoplay":true,"autoplay_duration":8,"slideshow_height":"original"}},"static-highlights-banners":{"type":"static-highlights-banners","blocks":{"static-highlights-banners-0":{"type":"highlight","settings":{"icon":"icon-delivery","title":"Free Shipping","text":"<p>To most of Canada*<\/p>"}},"static-highlights-banners-1":{"type":"highlight","settings":{"icon":"icon-cell-phone","title":"Give Us A Call","text":"<p>1-877-761-2819<\/p>"}},"static-highlights-banners-2":{"type":"highlight","settings":{"icon":"icon-chat-alternate","title":"Chat With Us","text":"<p>Live chat 9-5 PST<\/p>"}},"1563305001369":{"type":"highlight","settings":{"icon":"icon-people","title":"Customer Service","text":"<p>Talk to someone local<\/p>"}}},"block_order":["static-highlights-banners-0","static-highlights-banners-1","static-highlights-banners-2","1563305001369"],"settings":{"show_highlights_banner":true,"color":"#4d4d4d","icon_color":"#4d4d4d","background_color":"#f8f8f8"}},"static-footer":{"type":"static-footer","blocks":{"1565890425157":{"type":"rich_text","settings":{"title":"Contact Us","text":"<p>Based in Vancouver, Canada we are available from 9-5 PST.<\/p><p>Email: cs@tmgindustrial.com<\/p><p>Phone: 1-877-761-2819<\/p><p>or Chat Live!<\/p>"}},"1563305505252":{"type":"menu","settings":{"menu":"quick-links"}},"static-footer-1":{"type":"newsletter","settings":{"title":"Subscribe","text":"<p>Join our mailing list for updates on new products and deals!<\/p>"}}},"block_order":["1565890425157","1563305505252","static-footer-1"],"settings":{"payment_icons":true,"additional_menu":""}},"static-collection":{"type":"static-collection","settings":{"show_collection_image":false,"products_per_page_range":24,"sort_by":true,"show_by":true,"grid_list":true,"show_sidebar":true,"filter_style":"groups","filter_limit":"999","filter_position":"above_menus","menu_depth_range":1}},"static-recently-viewed":{"type":"static-recently-viewed","settings":{"enable_recently_viewed_products":true}},"static-product":{"type":"static-product","settings":{"layout":"layout--two-col","enable_video_autoplay":false,"show_dcb":true,"product_cart_redirect":false}},"static-product-recommendations":{"type":"static-product-recommendations","settings":{"show_product_recommendations":true,"product_recommendations_heading":"You may also like"}},"static-product-reviews":{"type":"static-product-reviews","settings":{}},"static-header-update":{"type":"static-header-update","settings":{"sticky_header":true,"enable_live_search":true,"enable_live_search_images":true,"enable_live_search_articles_pages":true,"quick_links":"","main_linklist":"new-mega-nav","mobile_linklist":"mobile-menu"}},"static-footer-update":{"type":"static-footer-update","settings":{}},"static-header-collection":{"type":"static-header-collection","settings":{"sticky_header":true,"enable_live_search":true,"enable_live_search_images":true,"enable_live_search_articles_pages":true,"quick_links":"","main_linklist":"new-mega-nav","mobile_linklist":"mobile-menu"}},"static-header-other":{"type":"static-header-other","settings":{"sticky_header":true,"enable_live_search":true,"enable_live_search_images":true,"enable_live_search_articles_pages":true,"quick_links":"","main_linklist":"new-mega-nav","mobile_linklist":"mobile-menu"}},"static-product-part-A":{"type":"static-product-part-A","settings":{"layout":"layout--two-col","enable_video_autoplay":false,"show_dcb":true,"product_cart_redirect":false}},"key-measurements":{"type":"key-measurements","blocks":{"f4e2d573-433d-45b5-a33f-7e9bf4a46406":{"type":"image","settings":{"image":"shopify:\/\/shop_images\/modular_optional.jpg"}},"89e119c4-08f4-402b-a388-1c89f365c45f":{"type":"image","settings":{"image":"shopify:\/\/shop_images\/modular_optional.jpg"}},"4ea35d40-f539-4aab-b339-76af51256e8b":{"type":"image","settings":{"image":"shopify:\/\/shop_images\/modular_optional.jpg"}}},"block_order":["f4e2d573-433d-45b5-a33f-7e9bf4a46406","89e119c4-08f4-402b-a388-1c89f365c45f","4ea35d40-f539-4aab-b339-76af51256e8b"],"settings":{}},"dynamic-full-width-image":{"type":"dynamic-full-width-image","settings":{"image01":"shopify:\/\/shop_images\/black-background-test02.jpg","image_mobile":"shopify:\/\/shop_images\/black-background-test02.jpg","title01":"Careers at TMG Industry","description01":"","button":"EXPLORE","description_mobile":""}},"career-test":{"type":"career-test","blocks":{"7bb54282-1fb5-4b20-a591-2e7b10821d88":{"type":"text","settings":{"title":"Customer Service \/ Product Support","text":"<p>TMG Industrial is an automotive, agricultural, and industrial product supply company located in Richmond, BC. We are looking for a Customer Service\/parts person\/product support representative who is mechanically inclined, detail orientated, and values teamwork. The successful candidate will be working in our headquarters office with a newly developed 50,000 sq\/ft warehouse in Richmond, BC.<\/p>","link":"https:\/\/ca.indeed.com\/jobs?q=tmg%20industrial&l=Vancouver%2C%20BC&advn=2270307186224886&vjk=a15756f8c9ab0ee1","button":"APPLY NOW"}}},"block_order":["7bb54282-1fb5-4b20-a591-2e7b10821d88"],"settings":{}},"1614926331569b8d26":{"type":"dynamic-slideshow","blocks":{"5790bf42-c63e-48b6-9dbb-4e2852bb388f":{"type":"slide","settings":{"background_image":"shopify:\/\/shop_images\/Banner_Web.jpg","background_image_mobile":"shopify:\/\/shop_images\/1080x1080_copy.jpg","title":"","text":"","text_mobile":"","color":"#ffffff","link":"shopify:\/\/collections\/automotive","button_one_label":"","show_overlay":false,"overlay_color":"#000000","overlay_opacity":50}},"4e2db15b-8077-4809-8abe-153a02675c2a":{"type":"slide","settings":{"background_image":"shopify:\/\/shop_images\/Greenhouse-Spring-Banner_e5103620-9a49-40ae-8f31-33b7155e91fb.jpg","background_image_mobile":"shopify:\/\/shop_images\/don_t_miss_the_grow_season_4a7d5c53-ee52-4aba-aed1-51c160a6ed06.jpg","title":"","text":"","text_mobile":"","color":"#ffffff","link":"\/collections\/home-garden\/category_greenhouses","button_one_label":"","show_overlay":false,"overlay_color":"#000000","overlay_opacity":1}},"1614926331569b8d26-0":{"type":"slide","settings":{"background_image":"shopify:\/\/shop_images\/Newsletter-V-3C.jpg","background_image_mobile":"shopify:\/\/shop_images\/free_shipping_farm_314e2720-b4a5-429b-b6a6-2a58556c08d4.jpg","title":"","text":"","text_mobile":"","color":"#ffffff","link":"shopify:\/\/collections\/farm-ranch","button_one_label":"","show_overlay":false,"overlay_color":"#000000","overlay_opacity":1}},"409b65b2-eab5-4664-8b1e-86004f114f0a":{"type":"slide","settings":{"background_image":"shopify:\/\/shop_images\/Spring-Cleanup-Banner.jpg","background_image_mobile":"shopify:\/\/shop_images\/spring_cleanup_ca44e901-38fa-4825-b400-122b9a1b787c.jpg","title":"","text":"","text_mobile":"","color":"#ffffff","link":"shopify:\/\/collections\/spring-cleanup","button_one_label":"","show_overlay":false,"overlay_color":"#000000","overlay_opacity":50}},"1614926331569b8d26-1":{"type":"slide","settings":{"background_image":"shopify:\/\/shop_images\/Ref_Banner.jpg","background_image_mobile":"shopify:\/\/shop_images\/get_rewarded_53ec1ab7-36fc-4931-bcdc-93f41d04f0b6.jpg","title":"","text":"","text_mobile":"","color":"#ffffff","button_one_label":"","show_overlay":false,"overlay_color":"#000000","overlay_opacity":1}}},"block_order":["5790bf42-c63e-48b6-9dbb-4e2852bb388f","4e2db15b-8077-4809-8abe-153a02675c2a","1614926331569b8d26-0","409b65b2-eab5-4664-8b1e-86004f114f0a","1614926331569b8d26-1"],"settings":{"show_slideshow":true,"enable_autoplay":true,"autoplay_duration":5,"slideshow_height":"original"}},"1615087782ea9773ea":{"type":"dynamic-Iconic-Products","blocks":{"1615087782ea9773ea-0":{"type":"image","settings":{"image":"shopify:\/\/shop_images\/Auto_lifts_featuring_portable_scissor.jpg","link":"https:\/\/www.tmgindustrial.com\/collections\/automotive\/category_auto-lifts"}},"1615087782ea9773ea-1":{"type":"image","settings":{"image":"shopify:\/\/shop_images\/TMG-1500PML_-_Main_copy.jpg","link":"https:\/\/www.tmgindustrial.com\/search?q=motorcycle*%20lift*&type=article,page,product"}}},"block_order":["1615087782ea9773ea-0","1615087782ea9773ea-1"],"settings":{}},"161509626809f50bc8":{"type":"dynamic-promotion-activity","blocks":{"161509626809f50bc8-0":{"type":"image","settings":{"image":"shopify:\/\/shop_images\/weekly-deals.jpg","text":"Deal of the week","link":"https:\/\/tmgindustrial.ca\/products\/26-portable-sawmill-powered-by-kohler-14-hp-engine-with-26-cutting-capacity"}},"161509626809f50bc8-1":{"type":"image","settings":{"image":"shopify:\/\/shop_images\/new_arrivals01.jpg","text":"Shop New Arrivals","link":"https:\/\/tmgindustrial.ca\/collections\/all?sort_by=created-descending"}},"b0477c8d-83b1-47d7-abd6-7170499eb961":{"type":"image","settings":{"image":"shopify:\/\/shop_images\/best_seller01.jpg","text":"Shop Most Popular","link":"https:\/\/tmgindustrial.ca\/collections\/all?sort_by=best-selling"}}},"block_order":["161509626809f50bc8-0","161509626809f50bc8-1","b0477c8d-83b1-47d7-abd6-7170499eb961"],"settings":{}},"161509864589aec9c5":{"type":"dynamic-key-features","settings":{}},"product-similar":{"type":"product-similar","blocks":{"407e31e7-7131-482c-b5d5-4142145c4f5a":{"type":"new-arrival","settings":{"product":"10-x-20-walk-in-peak-roof-greenhouse-with-roll-up-windows"}},"3a133165-fbcb-4616-96fb-55cb54118877":{"type":"new-arrival","settings":{"product":"10-x-20-walk-in-round-tunnel-greenhouse-with-roll-up-windows"}},"17f89639-3793-4e5d-9615-b044dd3a79cf":{"type":"new-arrival","settings":{"product":"tmg-industrial-10ft-20-drawer-workbench-with-keyed-alike-locks"}},"c7a3400e-5900-4be5-b255-ebf0496b82fc":{"type":"new-arrival","settings":{"product":"10000-watt-dual-fuel-generator-gas-or-lpg-with-electric-start"}}},"block_order":["407e31e7-7131-482c-b5d5-4142145c4f5a","3a133165-fbcb-4616-96fb-55cb54118877","17f89639-3793-4e5d-9615-b044dd3a79cf","c7a3400e-5900-4be5-b255-ebf0496b82fc"],"settings":{}},"page-center-button":{"type":"page-center-button","settings":{"button":"APPLY"}},"login-top-banner":{"type":"login-top-banner","settings":{"image01":"shopify:\/\/shop_images\/account-top-banner.jpg","image_mobile":"shopify:\/\/shop_images\/account-top-banner-mobile.jpg","title01":"Welcome to TMG","description01":"","button":"","description_mobile":""}},"career-top-banner":{"type":"career-top-banner","settings":{"image01":"shopify:\/\/shop_images\/career-top-banner.jpg","image_mobile":"shopify:\/\/shop_images\/career-top-banner-mobile.jpg","title01":"Join Us","description01":"","button":"","description_mobile":""}},"service-top-banner":{"type":"service-top-banner","settings":{"image01":"shopify:\/\/shop_images\/service-top-banner.jpg","image_mobile":"shopify:\/\/shop_images\/service-top-banner-mobile.jpg","title01":"Customer Care Center","description01":"","button":"","description_mobile":""}},"affiliate-top-banner":{"type":"affiliate-top-banner","settings":{"image01":"shopify:\/\/shop_images\/tmg-industrial-affiliate-top-banner.jpg","image_mobile":"shopify:\/\/shop_images\/tmg-industrial-affiliate-top-banner02-2.jpg","intro":"","title01":"TMG Affiliate Program","button":""}},"static-cart":{"type":"static-cart","settings":{"enable_order_notes":false,"enable_shipping_calc":true,"shipping_calc_default_country":"United States"}},"contact-top-banner":{"type":"contact-top-banner","settings":{"image01":"shopify:\/\/shop_images\/contact-top-banner.jpg","image_mobile":"shopify:\/\/shop_images\/contact-top-banner-mobile.jpg","title01":"Contact Us","description01":"","button":"","description_mobile":""}},"contact-features":{"type":"contact-features","settings":{}},"affiliate-cta":{"type":"affiliate-cta","settings":{"link01":"https:\/\/tmgindustrial.referralcandy.com","button":"APPLY"}},"1616980365db259253":{"type":"dynamic-product-selected","blocks":{"1616980365db259253-0":{"type":"new-arrival","settings":{"product":"10-000-lb-two-post-floor-plate-auto-lift-truck-hoist"}},"1616980365db259253-1":{"type":"new-arrival","settings":{"product":"wheel-balancer-etl-certified-self-calibrating-self-diagnosis"}},"1616980365db259253-2":{"type":"new-arrival","settings":{"product":"9-piece-garage-cabinet-combo-with-workbench-station"}},"1616980365db259253-3":{"type":"new-arrival","settings":{"product":"tmg-industrial-10ft-20-drawer-workbench-with-keyed-alike-locks"}}},"block_order":["1616980365db259253-0","1616980365db259253-1","1616980365db259253-2","1616980365db259253-3"],"settings":{"title":"Featured Products"}},"16170799511195f37b":{"type":"dynamic-collection-selected","blocks":{"5f981f5f-7b4a-48c1-837a-3f037b469239":{"type":"image","settings":{"image":"shopify:\/\/shop_images\/collection_cover_-_spring_cleanup_fc9fe35d-3f6f-4deb-9ea0-406b5e80fbfe.jpg","text_collection":"Spring Cleanup","link":"shopify:\/\/collections\/spring-cleanup"}},"16170799511195f37b-2":{"type":"image","settings":{"image":"shopify:\/\/shop_images\/collection_cover_-_Attachments_44ef7000-30d6-4173-ab71-344ec4058f4e.jpg","text_collection":"Attachments","link":"shopify:\/\/collections\/attachments"}},"16170799511195f37b-3":{"type":"image","settings":{"image":"shopify:\/\/shop_images\/collection_cover_-_Machinery_d6af49b1-46ed-4772-a758-058dbe135dc2.jpg","text_collection":"Machinery","link":"shopify:\/\/collections\/machinery"}},"16170799511195f37b-1":{"type":"image","settings":{"image":"shopify:\/\/shop_images\/collection_cover_-_Automotive_32e72f6a-f6b4-472d-9669-491150b85310.jpg","text_collection":"Automotive","link":"shopify:\/\/collections\/automotive"}},"16170799511195f37b-0":{"type":"image","settings":{"image":"shopify:\/\/shop_images\/collection_cover_-_Industrial_8294d1ab-7c36-4f5f-88b0-5003a49f278e.jpg","text_collection":"Industrial","link":"shopify:\/\/collections\/industrial-jobsite"}},"ef3b3078-e959-4c15-9a80-c67c54a327f1":{"type":"image","settings":{"image":"shopify:\/\/shop_images\/collection_cover_-_farm.jpg","text_collection":"Farm & Ranch","link":"shopify:\/\/collections\/farm-ranch"}},"c2017947-211f-44e7-91a4-ec251ef8e590":{"type":"image","settings":{"image":"shopify:\/\/shop_images\/collection_greenhouse.jpg","text_collection":"Home & Garden","link":"shopify:\/\/collections\/home-garden"}},"6cea41d0-b3ec-42bf-a4a7-dbb3637be8a9":{"type":"image","settings":{"image":"shopify:\/\/shop_images\/collection_storage.jpg","text_collection":"Storage","link":"shopify:\/\/collections\/storage"}}},"block_order":["5f981f5f-7b4a-48c1-837a-3f037b469239","16170799511195f37b-2","16170799511195f37b-3","16170799511195f37b-1","16170799511195f37b-0","ef3b3078-e959-4c15-9a80-c67c54a327f1","c2017947-211f-44e7-91a4-ec251ef8e590","6cea41d0-b3ec-42bf-a4a7-dbb3637be8a9"],"settings":{"title":"Categories"}},"dealer-top-banner":{"type":"dealer-top-banner","settings":{"image01":"shopify:\/\/shop_images\/dealer-top-banner.jpg","image_mobile":"shopify:\/\/shop_images\/dealer-top-banner-mobile.jpg","intro":"","title01":"Dealer Program","button":""}},"dealer-cta":{"type":"dealer-cta","settings":{"link01":"https:\/\/cdn.shopify.com\/s\/files\/1\/0557\/4177\/6041\/files\/TMG_Industrial_Dealer_Application_Form.pdf?v=1617220062","button":"DOWNLOAD"}},"static-header-product":{"type":"static-header-product","settings":{"sticky_header":true,"enable_live_search":true,"enable_live_search_images":true,"enable_live_search_articles_pages":true,"quick_links":"","main_linklist":"new-mega-nav","mobile_linklist":"mobile-menu"}}},"content_for_index":["1614926331569b8d26","161509626809f50bc8","16170799511195f37b","1615087782ea9773ea","1616980365db259253","161509864589aec9c5"]},"presets":{"Supply":{"color_background":"#ffffff","color_headings":"#222222","color_text":"#4d4d4d","color_text_light":"#949494","color_links":"#1E8570","color_button_background":"#ffab41","color_button_text":"#1a390c","color_button_secondary_background":"#ffffff","color_button_secondary_text":"#1E8570","color_button_secondary_border":"#ddd","color_header_background":"#30656b","color_header_text":"#ffffff","color_input_text":"#4d4d4d","color_input_background":"#ffffff","color_input_border":"#dddddd","color_footer_background":"#f8f8f8","color_footer_text":"#5c5c5c","color_overlay":"#000000","overlay_opacity":50,"type_body":"cabin_n4","type_heading":"cabin_n7","type_heading_size":"1","type_menu":"cabin_n7","type_section":"cabin_n7","type_button":"cabin_n7","continue_shopping_url":"shopify:\/\/collections\/all","layout_max_width":1400,"sections":{"static-announcement":{"type":"static-announcement","settings":{"announcement_background":"#29927d"}},"home-promo-mosaic":{"type":"dynamic-promo-mosaic","blocks":{"promo-mosaic-block-1":{"type":"promotion","settings":{}},"promo-mosaic-block-2":{"type":"promotion","settings":{}},"promo-mosaic-block-3":{"type":"promotion","settings":{}}},"block_order":["promo-mosaic-block-1","promo-mosaic-block-2","promo-mosaic-block-3"],"settings":{}},"home-blog-posts":{"type":"dynamic-blog-posts","settings":{}},"home-twitter-feed":{"type":"dynamic-twitter-feed","settings":{}},"home-featured-collection-1":{"type":"dynamic-featured-collection","settings":{}},"home-promo-grid":{"type":"dynamic-promo-grid","blocks":{"promo-grid-block-1":{"type":"promotion","settings":{}},"promo-grid-block-2":{"type":"promotion","settings":{}},"promo-grid-block-3":{"type":"promotion","settings":{}},"promo-grid-block-4":{"type":"promotion","settings":{}}},"block_order":["promo-grid-block-1","promo-grid-block-2","promo-grid-block-3","promo-grid-block-4"],"settings":{}},"home-featured-collection-2":{"type":"dynamic-featured-collection","settings":{"title":""}}},"content_for_index":["home-promo-mosaic","home-promo-grid","home-featured-collection-1","home-featured-collection-2","home-blog-posts","home-twitter-feed"]},"Graphic":{"color_background":"#ffffff","color_headings":"#484848","color_text":"#4d4d4d","color_text_light":"#949494","color_links":"#e32619","color_button_background":"#e32619","color_button_text":"#ffffff","color_button_secondary_background":"#ffffff","color_button_secondary_text":"#e32619","color_button_secondary_border":"#d8d8d8","color_header_background":"#ffffff","color_header_text":"#484848","color_input_text":"#4d4d4d","color_input_background":"#ffffff","color_input_border":"#d8d8d8","color_footer_background":"#ffffff","color_footer_text":"#686868","color_overlay":"#000000","overlay_opacity":50,"type_body":"lato_n4","type_heading":"futura_n7","type_heading_size":"1","type_menu":"lato_n7","type_section":"futura_n7","type_button":"lato_n7","continue_shopping_url":"shopify:\/\/collections\/all","layout_max_width":1400,"sections":{"static-announcement":{"type":"static-announcement","settings":{"announcement_background":"#e32619"}},"static-collection":{"type":"static-collection","settings":{"filter_style":"groups","filter_limit":"5"}},"home-promo-mosaic":{"type":"dynamic-promo-mosaic","blocks":{"home-promo-mosaic-1":{"type":"promotion","settings":{}},"home-promo-mosaic-2":{"type":"promotion","settings":{}},"home-promo-mosaic-3":{"type":"promotion","settings":{}},"home-promo-mosaic-4":{"type":"promotion","settings":{}}},"block_order":["home-promo-mosaic-1","home-promo-mosaic-2","home-promo-mosaic-3","home-promo-mosaic-4"],"settings":{}},"home-promo-grid":{"type":"dynamic-promo-grid","blocks":{"home-promo-grid-1":{"type":"promotion","settings":{"promo_width":"full-width"}},"home-promo-grid-2":{"type":"promotion","settings":{}},"home-promo-grid-3":{"type":"promotion","settings":{}}},"block_order":["home-promo-grid-1","home-promo-grid-2","home-promo-grid-3"],"settings":{}},"home-featured-collection-1":{"type":"dynamic-featured-collection","settings":{}},"home-menu-list":{"type":"dynamic-menu-list","blocks":{"home-menu-list-1":{"type":"menu","settings":{}},"home-menu-list-2":{"type":"menu","settings":{}},"home-menu-list-3":{"type":"menu","settings":{}}},"block_order":["home-menu-list-1","home-menu-list-2","home-menu-list-3"],"settings":{"title":"Menu list"}},"home-blog-posts":{"type":"dynamic-blog-posts","settings":{}},"home-twitter-feed":{"type":"dynamic-twitter-feed","settings":{}},"home-instagram-feed":{"type":"dynamic-instagram-feed","settings":{}}},"content_for_index":["home-promo-mosaic","home-promo-grid","home-featured-collection-1","home-menu-list","home-blog-posts","home-instagram-feed","home-twitter-feed"]},"Industrial":{"color_background":"#ffffff","color_headings":"#4c4c4c","color_text":"#4c5154","color_text_light":"949798","color_links":"#0076de","color_button_background":"#0076de","color_button_text":"#ffffff","color_button_secondary_background":"#ffffff","color_button_secondary_text":"#0076de","color_button_secondary_border":"#d8d8d8","color_header_background":"#1d2236","color_header_text":"#ffffff","color_input_text":"#4c5154","color_input_background":"#ffffff","color_input_border":"#d8d8d8","color_footer_background":"#edeff3","color_footer_text":"#5c5c5c","color_overlay":"#000000","overlay_opacity":50,"type_body":"libre_franklin_n4","type_heading":"arimo_n7","type_heading_size":"1","type_menu":"libre_franklin_n7","type_section":"arimo_n7","type_button":"libre_franklin_n7","continue_shopping_url":"shopify:\/\/collections\/all","layout_max_width":1400,"sections":{"static-announcement":{"type":"static-announcement","settings":{"announcement_background":"#0076de"}},"static-footer":{"type":"static-footer","blocks":{"static-footer-1":{"type":"menu","settings":{"menu":"footer"}},"static-footer-3":{"type":"newsletter","settings":{}}},"block_order":["static-footer-1","static-footer-3"],"settings":{"additional_menu":""}},"static-blog":{"type":"static-blog","settings":{"show_author":false}},"static-product":{"type":"static-product","settings":{"layout":"layout--three-col"}},"static-article":{"type":"static-article","settings":{"show_author":false}},"static-collection":{"type":"static-collection","settings":{"filter_style":"groups"}},"home-promo-mosaic":{"type":"dynamic-promo-mosaic","blocks":{"home-promo-mosaic-1":{"type":"promotion","settings":{}},"home-promo-mosaic-2":{"type":"promotion","settings":{}},"home-promo-mosaic-3":{"type":"promotion","settings":{}},"home-promo-mosaic-4":{"type":"promotion","settings":{}},"home-promo-mosaic-5":{"type":"promotion","settings":{}}},"block_order":["home-promo-mosaic-1","home-promo-mosaic-2","home-promo-mosaic-3","home-promo-mosaic-4","home-promo-mosaic-5"],"settings":{"section_height":"medium"}},"home-featured-collection":{"type":"dynamic-featured-collection","settings":{}},"home-promo-grid":{"type":"dynamic-promo-grid","blocks":{"home-promo-grid-1":{"type":"promotion","settings":{}},"home-promo-grid-2":{"type":"promotion","settings":{}}},"block_order":["home-promo-grid-1","home-promo-grid-2"],"settings":{}},"home-blog-posts":{"type":"dynamic-blog-posts","settings":{}},"home-collection-list":{"type":"dynamic-collection-list","blocks":{"home-collection-list-1":{"type":"collection","settings":{}},"home-collection-list-2":{"type":"collection","settings":{}},"home-collection-list-3":{"type":"collection","settings":{}},"home-collection-list-4":{"type":"collection","settings":{}}},"block_order":["home-collection-list-1","home-collection-list-2","home-collection-list-3","home-collection-list-4"],"settings":{}}},"content_for_index":["home-promo-mosaic","home-featured-collection","home-promo-grid","home-collection-list","home-blog-posts"]}}}